,Deciles,total_spend,pred_spend
0,9,808.9408893333335,777.650534782103
1,8,684.8506453333333,616.2259736304229
2,7,560.3669786666667,528.2840350444122
3,6,504.606428,449.31892113316263
4,5,464.5421333333333,386.9575239497546
5,4,423.0615300000001,359.28975305281324
6,3,397.2616,338.9016086841335
7,2,387.4519333333333,319.883503753544
8,1,343.69758333333334,293.6169673392124
9,0,259.3817033333333,237.91387645316746
