,Deciles,total_spend,pred_spend
0,9,880.8360977142863,793.7492620798491
1,8,709.9155645714285,622.5009169140101
2,7,596.6371851428577,542.7277587018903
3,6,519.0014897142853,466.8094814569464
4,5,472.039722857143,397.33414754106747
5,4,419.37476457142844,359.9801583043738
6,3,380.79890999999986,336.58681071287987
7,2,379.7365319999996,316.2665074028968
8,1,326.15519714285716,288.64852689431916
9,0,275.52096857142857,237.14005741870156
